firstname,lastname,city,profession
Henriette,Helfand,Hamburg!,developer
Katuscha,Corabella,Lobamba,hr
Lita,Alwin,Okinawa,qa
Nelle,Fiann,Recife,qa
Rochette,Cullin,Auckland,developer
Juliane,Lutero,Kolkata,qa
Carol,Elbertina,Ibiza,developer
Tabbatha ,Glenden,Moscow,developer
Karolina,Edee,Lusaka,manager
Rayna,Lorenz,Samara,analyst
Theodora,Uird,Murmansk,developer
Adore,Jaylene,Hiroshima,analyst
Corene,Nickola,Memphis,qa
Nicoli,Hartnett,Tbilisi,hr
Devina,Yerkovich,Helsinki,analyst
Alyda,Sacken,Honolulu,devops
Jolyn,Richers,Naypyidaw,manager
Lucy,Rogerio,Hobart,qa
Joleen,Dahlia,Dededo,manager
Eadie,Karylin,Kinshasa,hr